subjectGroup,browser,version,screenWidth,screenHeight,OS,OS_lang,GMT_timestamp,local_timestamp,link,calibration,id,age,sex,handedness,fps_start,fps_M,fps_SD
"1",Chrome,85.0.4183.121,1366,768,Windows,en-US,2020-10-07_20:08:29,2020-10-07_13:08:29,https://www.testable.org/experiment/4629/578421/start,0.77,"916848479","19",female,right-handed,"60.11","59.40","2.70"

rowNo,subjectGroup,type,block,stim1,stimFormat,audio,random,presTime,ITI,responseType,responseOptions,head,button1,button2,button3,button4,button5,required,condition,animacy,image_shown,seperator,ITI_ms,ITI_f,ITI_fDuration,presTime_ms,presTime_f,presTime_fDuration,timestamp,response,RT,responseCode
2,"",form,"","","","","","","",dropdown,American Indian or Alaska Native;Asian;Black or African American;Native Hawaiian or Other Pacific Islander; White;More than one;Not Listed,With which race do you identify?,"","","","","","1","","","","1",,"","","","","",82774,White,6045,"5"
3,"",form,"","","","","","","",dropdown,yes;no,Do you identify as Hispanic,"","","","","","1","","","","1",,"","","","","",82774,yes,6045,"1"
17,"1",test,encoding,stapler_1,.png,staplerA.mp3,"1","400","700","","","",animate image,inanimate image,"","","","",congruent,inanimate,stapler,"",699,0,0,"399","22","18.15",116512,"2",1573,""
11,"1",test,encoding,rat_1,.png,ratA.mp3,"1","400","700","","","",animate image,inanimate image,"","","","",congruent,animate,rat,"",699,41,"17.05","399","23","17.37",118843,"1",891,""
44,"1",test,encoding,keyboard_2,.png,noise9.mp3,"1","400","700","","","",animate image,inanimate image,"","","","",control,inanimate,keyboard,"",699,41,"17.05","399","23","17.36",121147,"2",1296,""
36,"1",test,encoding,horse_1,.png,noise1.mp3,"1","400","700","","","",animate image,inanimate image,"","","","",control,animate,horse,"",699,41,"17.05","399","22","18.16",123423,"1",1220,""
12,"1",test,encoding,pig_3,.png,pigA.mp3,"1","400","700","","","",animate image,inanimate image,"","","","",congruent,animate,pig,"",699,42,"16.64","399","23","17.36",125389,"1",807,""
43,"1",test,encoding,motorcycle_1,.png,noise8.mp3,"1","400","700","","","",animate image,inanimate image,"","","","",control,inanimate,motorcycle,"",699,41,"17.05","399","23","17.37",127255,"2",860,""
14,"1",test,encoding,leopard_1,.png,leopardA.mp3,"1","400","700","","","",animate image,inanimate image,"","","","",congruent,animate,leopard,"",699,42,"16.64","399","23","17.36",129193,"1",819,""
27,"1",test,encoding,bear_1,.png,guitarA.mp3,"1","400","700","","","",animate image,inanimate image,"","","","",incongruent,animate,bear,"",699,42,"16.64","399","23","17.36",130877,"1",697,""
29,"1",test,encoding,door_1,.png,hammerA.mp3,"1","400","700","","","",animate image,inanimate image,"","","","",incongruent,inanimate,door,"",699,41,"17.05","399","24","16.64",132813,"2",874,""
38,"1",test,encoding,goat_3,.png,noise3.mp3,"1","400","700","","","",animate image,inanimate image,"","","","",control,animate,goat,"",699,42,"16.65","399","22","18.15",136405,"1",1059,""
28,"1",test,encoding,bat_1,.png,drumA.mp3,"1","400","700","","","",animate image,inanimate image,"","","","",incongruent,animate,bat,"",699,42,"16.64","399","23","17.37",138137,"1",683,""
46,"1",test,encoding,hammer_3,.png,noise11.mp3,"1","400","700","","","",animate image,inanimate image,"","","","",control,inanimate,hammer,"",699,42,"16.64","399","23","17.37",140133,"2",932,""
32,"1",test,encoding,camera_1,.png,frogA.mp3,"1","400","700","","","",animate image,inanimate image,"","","","",incongruent,inanimate,camera,"",699,42,"16.64","399","23","17.37",142188,"2",1042,""
20,"1",test,encoding,saw_1,.png,sawA.mp3,"1","400","700","","","",animate image,inanimate image,"","","","",congruent,inanimate,saw,"",699,42,"16.64","399","21","19.02",144056,"2",863,""
19,"1",test,encoding,scissors_1,.png,scissorsA.mp3,"1","400","700","","","",animate image,inanimate image,"","","","",congruent,inanimate,scissors,"",699,41,"17.05","399","23","17.37",146013,"2",844,""
22,"1",test,encoding,crocodile_2,.png,horseA.mp3,"1","400","700","","","",animate image,inanimate image,"","","","",incongruent,animate,crocodile,"",699,41,"17.04","400","23","17.37",148132,"1",1046,""
45,"1",test,encoding,jet_1,.png,noise10.mp3,"1","400","700","","","",animate image,inanimate image,"","","","",control,inanimate,jet,"",699,42,"16.64","399","23","17.36",149933,"2",807,""
41,"1",test,encoding,dog_2,.png,noise6.mp3,"1","400","700","","","",animate image,inanimate image,"","","","",control,animate,dog,"",699,41,"17.05","399","23","17.36",151978,"1",1006,""
23,"1",test,encoding,cow_2,.png,motorcycleA.mp3,"1","400","700","","","",animate image,inanimate image,"","","","",incongruent,animate,cow,"",699,42,"16.64","399","21","19.02",153887,"1",861,""
9,"1",test,encoding,tiger_1,.png,tigerA.mp3,"1","400","700","","","",animate image,inanimate image,"","","","",congruent,animate,tiger,"",699,41,"17.05","399","23","17.37",155638,"1",770,""
24,"1",test,encoding,chicken_1,.png,keyboardA.mp3,"1","400","700","","","",animate image,inanimate image,"","","","",incongruent,animate,chicken,"",699,41,"17.05","399","23","17.36",157584,"1",973,""
25,"1",test,encoding,cat_1,.png,doorA.mp3,"1","400","700","","","",animate image,inanimate image,"","","","",incongruent,animate,cat,"",699,41,"17.05","399","24","16.64",159259,"1",729,""
49,"1",test,encoding,drill_1,.png,noise14.mp3,"1","400","700","","","",animate image,inanimate image,"","","","",control,inanimate,drill,"",699,41,"17.04","399","23","17.37",161128,"2",824,""
47,"1",test,encoding,guitar_3,.png,noise12.mp3,"1","400","700","","","",animate image,inanimate image,"","","","",control,inanimate,guitar,"",699,42,"16.63","399","22","18.16",162842,"2",703,""
13,"1",test,encoding,penguin_1,.png,penguinA.mp3,"1","400","700","","","",animate image,inanimate image,"","","","",congruent,animate,penguin,"",699,41,"17.05","399","23","17.36",164672,"1",736,""
15,"1",test,encoding,washer_2,.png,washerA.mp3,"1","400","700","","","",animate image,inanimate image,"","","","",congruent,inanimate,washer,"",699,41,"17.05","399","23","17.36",166465,"2",841,""
8,"1",test,encoding,wolf_1,.png,wolfA.mp3,"1","400","700","","","",animate image,inanimate image,"","","","",congruent,animate,wolf,"",699,41,"17.05","399","22","18.16",168304,"1",868,""
10,"1",test,encoding,snake_1,.png,snakeA.mp3,"1","400","700","","","",animate image,inanimate image,"","","","",congruent,animate,snake,"",699,42,"16.64","399","23","17.36",170628,"1",1326,""
31,"1",test,encoding,car_3,.png,goatA.mp3,"1","400","700","","","",animate image,inanimate image,"","","","",incongruent,inanimate,car,"",699,42,"16.65","399","23","17.36",172458,"2",787,""
33,"1",test,encoding,boat_1,.png,elephantA.mp3,"1","400","700","","","",animate image,inanimate image,"","","","",incongruent,inanimate,boat,"",699,42,"16.63","399","23","17.36",174452,"2",952,""
21,"1",test,encoding,piano_1,.png,pianoA.mp3,"1","400","700","","","",animate image,inanimate image,"","","","",congruent,inanimate,piano,"",699,42,"16.64","399","23","17.37",176720,"2",1327,""
18,"1",test,encoding,smartphone_2,.png,smartphoneA.mp3,"1","400","700","","","",animate image,inanimate image,"","","","",congruent,inanimate,smartphone,"",699,42,"16.64","399","23","17.36",178674,"2",870,""
16,"1",test,encoding,train_1,.png,trainA.mp3,"1","400","700","","","",animate image,inanimate image,"","","","",congruent,inanimate,train,"",699,41,"17.05","399","23","17.37",180515,"2",768,""
48,"1",test,encoding,drum_2,.png,noise13.mp3,"1","400","700","","","",animate image,inanimate image,"","","","",control,inanimate,drum,"",699,42,"16.64","399","23","17.37",182218,"2",726,""
30,"1",test,encoding,cymbal_ride_2,.png,gooseA.mp3,"1","400","700","","","",animate image,inanimate image,"","","","",incongruent,inanimate,cymbal_ride,"",699,41,"17.04","399","23","17.36",183757,"2",513,""
39,"1",test,encoding,frog_1,.png,noise4.mp3,"1","400","700","","","",animate image,inanimate image,"","","","",control,animate,frog,"",699,42,"16.64","400","23","17.37",185589,"1",820,""
37,"1",test,encoding,goose_1,.png,noise2.mp3,"1","400","700","","","",animate image,inanimate image,"","","","",control,animate,goose,"",699,42,"16.64","399","24","16.64",187380,"1",774,""
34,"1",test,encoding,bicycle_1,.png,deerA.mp3,"1","400","700","","","",animate image,inanimate image,"","","","",incongruent,inanimate,bicycle,"",699,42,"16.64","399","22","18.15",189656,"2",1183,""
40,"1",test,encoding,elephant_1,.png,noise5.mp3,"1","400","700","","","",animate image,inanimate image,"","","","",control,animate,elephant,"",699,42,"16.64","400","23","17.37",191476,"1",854,""
26,"1",test,encoding,bird_1,.png,hammerA.mp3,"1","400","700","","","",animate image,inanimate image,"","","","",incongruent,animate,bird,"",699,42,"16.64","399","23","17.36",193163,"1",891,""
42,"1",test,encoding,deer_4,.png,noise7.mp3,"1","400","700","","","",animate image,inanimate image,"","","","",control,animate,deer,"",699,42,"16.64","399","23","17.36",194914,"1",729,""
35,"1",test,encoding,bell_5,.png,dogA.mp3,"1","400","700","","","",animate image,inanimate image,"","","","",incongruent,inanimate,bell,"",699,41,"17.05","399","23","17.36",196706,"2",785,""
152,"1",test,recognition,dog_2,.png,"","4","400","700","","","",same,different,nonsense,new,"","",control,animate,dog,"",699,42,"16.64","399","23","17.36",204328,"2",3191,""
178,"1",test,recognition,walkie_1,.png,"","4","400","700","","","",same,different,nonsense,new,"","",new,inanimate,walkie,"",699,42,"16.64","399","24","16.64",206468,"2",1441,""
155,"1",test,recognition,tape_1,.png,"","4","400","700","","","",same,different,nonsense,new,"","",new,inanimate,tape,"",699,41,"17.05","399","24","16.64",208467,"3",1296,""
180,"1",test,recognition,rabbit_2,.png,"","4","400","700","","","",same,different,nonsense,new,"","",new,animate,rabbit,"",699,42,"16.64","400","22","18.16",209680,"3",507,""
157,"1",test,recognition,bicycle_1,.png,"","4","400","700","","","",same,different,nonsense,new,"","",incongruent,inanimate,bicycle,"",699,42,"16.64","399","24","16.64",211096,"4",709,""
150,"1",test,recognition,goose_1,.png,"","4","400","700","","","",same,different,nonsense,new,"","",control,animate,goose,"",699,42,"16.63","399","23","17.37",212559,"1",760,""
163,"1",test,recognition,tiger_1,.png,"","4","400","700","","","",same,different,nonsense,new,"","",congruent,animate,tiger,"",699,42,"16.64","399","24","16.64",213675,"2",411,""
191,"1",test,recognition,bell_5,.png,"","4","400","700","","","",same,different,nonsense,new,"","",incongruent,inanimate,bell,"",699,42,"16.65","399","24","16.64",214780,"3",400,""
185,"1",test,recognition,door_1,.png,"","4","400","700","","","",same,different,nonsense,new,"","",incongruent,inanimate,door,"",699,42,"16.64","399","22","18.15",216278,"1",790,""
139,"1",test,recognition,motorcycle_1,.png,"","4","400","700","","","",same,different,nonsense,new,"","",control,inanimate,motorcycle,"",699,41,"17.05","400","24","16.65",218090,"1",1097,""
154,"1",test,recognition,butterfly_4,.png,"","4","400","700","","","",same,different,nonsense,new,"","",new,animate,butterfly,"",699,42,"16.64","400","23","17.38",219656,"2",862,""
176,"1",test,recognition,leopard_1,.png,"","4","400","700","","","",same,different,nonsense,new,"","",congruent,animate,leopard,"",699,41,"17.05","399","23","17.37",220875,"2",505,""
148,"1",test,recognition,horse_1,.png,"","4","400","700","","","",same,different,nonsense,new,"","",control,animate,horse,"",699,42,"16.64","399","24","16.65",222455,"4",868,""
179,"1",test,recognition,radio_2,.png,"","4","400","700","","","",same,different,nonsense,new,"","",new,inanimate,radio,"",699,42,"16.64","","",NaN,223501,"1",335,""
140,"1",test,recognition,elephant_1,.png,"","4","400","700","","","",same,different,nonsense,new,"","",control,animate,elephant,"",699,42,"16.63","400","24","16.65",225061,"1",847,""
145,"1",test,recognition,washer_2,.png,"","4","400","700","","","",same,different,nonsense,new,"","",congruent,inanimate,washer,"",699,42,"16.64","399","23","17.37",226174,"2",408,""
166,"1",test,recognition,whale_5,.png,"","4","400","700","","","",same,different,nonsense,new,"","",new,animate,whale,"",700,41,"17.04","398","23","17.33",228054,"1",1166,""
188,"1",test,recognition,rat_1,.png,"","4","400","700","","","",same,different,nonsense,new,"","",congruent,animate,rat,"",699,42,"16.66","399","23","17.36",229353,"3",592,""
149,"1",test,recognition,bird_1,.png,"","4","400","700","","","",same,different,nonsense,new,"","",incongruent,animate,bird,"",699,41,"17.05","399","24","16.64",230746,"2",689,""
169,"1",test,recognition,camel_3,.png,"","4","400","700","","","",same,different,nonsense,new,"","",new,animate,camel,"",699,41,"17.05","399","23","17.37",231975,"1",519,""
171,"1",test,recognition,shark_2,.png,"","4","400","700","","","",same,different,nonsense,new,"","",new,animate,shark,"",699,42,"16.64","399","24","16.65",233206,"4",521,""
172,"1",test,recognition,bear_1,.png,"","4","400","700","","","",same,different,nonsense,new,"","",incongruent,animate,bear,"",699,42,"16.64","399","24","16.64",234387,"1",471,""
189,"1",test,recognition,cymbal_ride_2,.png,"","4","400","700","","","",same,different,nonsense,new,"","",incongruent,inanimate,cymbal_ride,"",699,42,"16.64","399","24","16.64",236026,"1",930,""
164,"1",test,recognition,frog_1,.png,"","4","400","700","","","",same,different,nonsense,new,"","",control,animate,frog,"",699,42,"16.64","399","24","16.64",237418,"2",690,""
156,"1",test,recognition,hammer_3,.png,"","4","400","700","","","",same,different,nonsense,new,"","",control,inanimate,hammer,"",699,41,"17.05","399","23","17.36",239093,"2",960,""
187,"1",test,recognition,laptop_2,.png,"","4","400","700","","","",same,different,nonsense,new,"","",new,inanimate,laptop,"",699,42,"16.64","399","23","17.36",240449,"1",643,""
170,"1",test,recognition,saw_1,.png,"","4","400","700","","","",same,different,nonsense,new,"","",congruent,inanimate,saw,"",699,42,"16.64","399","24","16.64",242124,"3",971,""
186,"1",test,recognition,scissors_1,.png,"","4","400","700","","","",same,different,nonsense,new,"","",congruent,inanimate,scissors,"",699,42,"16.64","399","24","16.63",243452,"1",617,""
135,"1",test,recognition,jet_1,.png,"","4","400","700","","","",same,different,nonsense,new,"","",control,inanimate,jet,"",699,42,"16.64","","",NaN,244529,"1",360,""
177,"1",test,recognition,goat_3,.png,"","4","400","700","","","",same,different,nonsense,new,"","",control,animate,goat,"",699,42,"16.65","","",NaN,245610,"1",379,""
190,"1",test,recognition,rhino_2,.png,"","4","400","700","","","",same,different,nonsense,new,"","",new,animate,rhino,"",699,41,"17.04","399","24","16.64",246959,"2",646,""
141,"1",test,recognition,drum_2,.png,"","4","400","700","","","",same,different,nonsense,new,"","",control,inanimate,drum,"",699,42,"16.64","399","24","16.63",248527,"2",868,""
146,"1",test,recognition,pig_3,.png,"","4","400","700","","","",same,different,nonsense,new,"","",congruent,animate,pig,"",699,41,"17.05","400","23","17.37",249825,"4",581,""
137,"1",test,recognition,snake_1,.png,"","4","400","700","","","",same,different,nonsense,new,"","",congruent,animate,snake,"",699,42,"16.64","399","24","16.63",251132,"1",608,""
175,"1",test,recognition,stapler_1,.png,"","4","400","700","","","",same,different,nonsense,new,"","",congruent,inanimate,stapler,"",699,41,"17.05","399","24","16.64",252817,"1",979,""
182,"1",test,recognition,bus_2,.png,"","4","400","700","","","",same,different,nonsense,new,"","",new,inanimate,bus,"",699,42,"16.64","399","19","21.02",254172,"3",645,""
138,"1",test,recognition,crab_2,.png,"","4","400","700","","","",same,different,nonsense,new,"","",new,animate,crab,"",699,41,"17.04","399","24","16.64",255286,"1",402,""
174,"1",test,recognition,car_3,.png,"","4","400","700","","","",same,different,nonsense,new,"","",incongruent,inanimate,car,"",699,42,"16.64","399","24","16.64",256952,"1",954,""
192,"1",test,recognition,coins_1,.png,"","4","400","700","","","",same,different,nonsense,new,"","",new,inanimate,coins,"",699,42,"16.64","400","23","17.37",259044,"2",1382,""
153,"1",test,recognition,fish_4,.png,"","4","400","700","","","",same,different,nonsense,new,"","",new,animate,fish,"",699,42,"16.64","400","22","18.16",260980,"4",1238,""
142,"1",test,recognition,watering_can_1,.png,"","4","400","700","","","",same,different,nonsense,new,"","",new,inanimate,watering_can,"",699,41,"17.05","399","24","16.64",262529,"2",840,""
193,"1",test,recognition,salamander_3,.png,"","4","400","700","","","",same,different,nonsense,new,"","",new,animate,salamander,"",699,42,"16.64","400","24","16.65",264408,"1",1172,""
136,"1",test,recognition,camera_1,.png,"","4","400","700","","","",same,different,nonsense,new,"","",incongruent,inanimate,camera,"",699,42,"16.64","400","24","16.65",266578,"2",1459,""
151,"1",test,recognition,wolf_1,.png,"","4","400","700","","","",same,different,nonsense,new,"","",congruent,animate,wolf,"",699,42,"16.64","399","24","16.63",268244,"1",962,""
161,"1",test,recognition,piano_1,.png,"","4","400","700","","","",same,different,nonsense,new,"","",congruent,inanimate,piano,"",699,41,"17.05","399","24","16.63",269987,"1",1041,""
183,"1",test,recognition,guitar_3,.png,"","4","400","700","","","",same,different,nonsense,new,"","",control,inanimate,guitar,"",699,41,"17.05","399","24","16.64",271448,"1",755,""
144,"1",test,recognition,keyboard_2,.png,"","4","400","700","","","",same,different,nonsense,new,"","",control,inanimate,keyboard,"",699,42,"16.64","399","24","16.64",273173,"1",1016,""
168,"1",test,recognition,cat_1,.png,"","4","400","700","","","",same,different,nonsense,new,"","",incongruent,animate,cat,"",699,42,"16.64","399","24","16.64",275235,"2",1347,""
165,"1",test,recognition,bat_1,.png,"","4","400","700","","","",same,different,nonsense,new,"","",incongruent,animate,bat,"",699,42,"16.64","399","23","17.36",277117,"1",1184,""
184,"1",test,recognition,boat_1,.png,"","4","400","700","","","",same,different,nonsense,new,"","",incongruent,inanimate,boat,"",699,41,"17.04","399","24","16.64",278848,"2",1031,""
194,"1",test,recognition,drill_1,.png,"","4","400","700","","","",same,different,nonsense,new,"","",control,inanimate,drill,"",699,41,"17.05","399","24","16.64",280389,"3",827,""
159,"1",test,recognition,penguin_1,.png,"","4","400","700","","","",same,different,nonsense,new,"","",congruent,animate,penguin,"",699,42,"16.64","399","24","16.64",283333,"1",2237,""
158,"1",test,recognition,train_1,.png,"","4","400","700","","","",same,different,nonsense,new,"","",congruent,inanimate,train,"",699,42,"16.64","399","24","16.64",285142,"1",1104,""
147,"1",test,recognition,wrench_1,.png,"","4","400","700","","","",same,different,nonsense,new,"","",new,inanimate,wrench,"",699,41,"17.05","399","21","19.02",286547,"2",658,""
173,"1",test,recognition,crocodile_2,.png,"","4","400","700","","","",same,different,nonsense,new,"","",incongruent,animate,crocodile,"",699,42,"16.64","","",NaN,287620,"2",369,""
167,"1",test,recognition,smartphone_2,.png,"","4","400","700","","","",same,different,nonsense,new,"","",congruent,inanimate,smartphone,"",699,42,"16.64","399","24","16.63",289260,"2",927,""
143,"1",test,recognition,record_player_1,.png,"","4","400","700","","","",same,different,nonsense,new,"","",new,inanimate,record_player,"",699,42,"16.65","399","24","16.64",290721,"1",759,""
162,"1",test,recognition,cow_2,.png,"","4","400","700","","","",same,different,nonsense,new,"","",incongruent,animate,cow,"",699,41,"17.04","399","24","16.64",292347,"1",917,""
181,"1",test,recognition,deer_4,.png,"","4","400","700","","","",same,different,nonsense,new,"","",control,animate,deer,"",699,42,"16.64","399","24","16.64",294041,"1",982,""
160,"1",test,recognition,chicken_1,.png,"","4","400","700","","","",same,different,nonsense,new,"","",incongruent,animate,chicken,"",699,42,"16.64","399","24","16.64",295621,"1",867,""
316,"",test,"",1/10: Was the volume on your computer enabled throughout the entire first task?,word,"","","","","","","",Yes,No,"","","","","","","","","",42,"16.64","","","",299923,"1",2236,""
317,"",test,"",2/10: Did you adjust your volume at any time during the experiment?,word,"","","","","","","",Yes,No,"","","","","","","","","",0,0,"","","",301907,"2",1929,""
318,"",test,"",3/10: How would you describe the volume of the sounds during the first task?,word,"","","","","","","",Quiet,Loud,Just right,I did not hear sounds,"","","","","","","",0,0,"","","",303952,"3",1976,""
319,"",test,"","4/10: Did you use external speakers, in-ear headphones, over-ear headphones?",word,"","","","","","","",External speakers,In-ear headphones,Over-ear headphones,Other,I did not hear sounds,"","","","","","",0,0,"","","",306499,"1",2440,""
320,"",test,"",5/10: How would you describe the environment in which you completed the study?,word,"","","","","","","",Quiet,Mostly quiet,Somewhat noisy,Very noisy,"","","","","","","",0,0,"","","",308812,"1",2220,""
321,"",test,"",6/10: Did you experience distractions during the study?,word,"","","","","","","","Yes, major distractions","Yes, minor distractions",No,"","","","","","","","",0,0,"","","",310430,"3",1548,""
322,"",test,"",7/10: How much effort did you put into the experiment?,word,"","","","","","","",Not any,Not very much,Some Effort,A lot of effort,"","","","","","","",0,0,"","","",312174,"3",1670,""
323,"",test,"",8/10: How difficult did you find task 1?,word,"","","","","","","",Not difficult at all,A little difficult,Very difficult,"","","","","","","","",0,0,"","","",314245,"1",2013,""
324,"",test,"",9/10: How difficult did you find task 2?,word,"","","","","","","",Not difficult at all,A little difficult,Very difficult,"","","","","","","","",0,0,"","","",315591,"3",1294,""
325,"",test,"","10/10: In the first task, did you ever experience a lag or gap between when the picture was shown and when the sound started?",word,"","","","","","","","Yes, a couple of times","Yes, often or always",No,I did not hear sounds,"","","","","","","",0,0,"","","",318176,"3",2520,""